-- Demo seed for ML training/forecast
BEGIN;
INSERT INTO products (id, name, warehouse_id, status, current_zone, current_row, current_shelf) VALUES ('PROD_DEMO','Demo Product','5aa97893-9fce-4481-bc3b-4e77cc0e878c','ok','Хранение',0,'A') ON CONFLICT (id) DO NOTHING;
INSERT INTO shipments (id, name, warehouse_id, scheduled_at, shipped_at, quantity, status, created_at) VALUES ('SHIP_20251001','Ship 2025-10-01','5aa97893-9fce-4481-bc3b-4e77cc0e878c','2025-10-01T10:00:00+00:00','2025-10-01T18:00:00+00:00',10,'completed','2025-10-01T08:00:00+00:00') ON CONFLICT (id) DO NOTHING;
INSERT INTO shipments (id, name, warehouse_id, scheduled_at, shipped_at, quantity, status, created_at) VALUES ('SHIP_20251002','Ship 2025-10-02','5aa97893-9fce-4481-bc3b-4e77cc0e878c','2025-10-02T10:00:00+00:00','2025-10-02T18:00:00+00:00',10,'completed','2025-10-02T08:00:00+00:00') ON CONFLICT (id) DO NOTHING;
INSERT INTO shipments (id, name, warehouse_id, scheduled_at, shipped_at, quantity, status, created_at) VALUES ('SHIP_20251003','Ship 2025-10-03','5aa97893-9fce-4481-bc3b-4e77cc0e878c','2025-10-03T10:00:00+00:00','2025-10-03T18:00:00+00:00',10,'completed','2025-10-03T08:00:00+00:00') ON CONFLICT (id) DO NOTHING;
INSERT INTO shipments (id, name, warehouse_id, scheduled_at, shipped_at, quantity, status, created_at) VALUES ('SHIP_20251004','Ship 2025-10-04','5aa97893-9fce-4481-bc3b-4e77cc0e878c','2025-10-04T10:00:00+00:00','2025-10-04T18:00:00+00:00',10,'completed','2025-10-04T08:00:00+00:00') ON CONFLICT (id) DO NOTHING;
INSERT INTO shipments (id, name, warehouse_id, scheduled_at, shipped_at, quantity, status, created_at) VALUES ('SHIP_20251005','Ship 2025-10-05','5aa97893-9fce-4481-bc3b-4e77cc0e878c','2025-10-05T10:00:00+00:00','2025-10-05T18:00:00+00:00',10,'completed','2025-10-05T08:00:00+00:00') ON CONFLICT (id) DO NOTHING;
INSERT INTO shipments (id, name, warehouse_id, scheduled_at, shipped_at, quantity, status, created_at) VALUES ('SHIP_20251006','Ship 2025-10-06','5aa97893-9fce-4481-bc3b-4e77cc0e878c','2025-10-06T10:00:00+00:00','2025-10-06T18:00:00+00:00',10,'completed','2025-10-06T08:00:00+00:00') ON CONFLICT (id) DO NOTHING;
INSERT INTO shipments (id, name, warehouse_id, scheduled_at, shipped_at, quantity, status, created_at) VALUES ('SHIP_20251007','Ship 2025-10-07','5aa97893-9fce-4481-bc3b-4e77cc0e878c','2025-10-07T10:00:00+00:00','2025-10-07T18:00:00+00:00',10,'completed','2025-10-07T08:00:00+00:00') ON CONFLICT (id) DO NOTHING;
INSERT INTO shipments (id, name, warehouse_id, scheduled_at, shipped_at, quantity, status, created_at) VALUES ('SHIP_20251008','Ship 2025-10-08','5aa97893-9fce-4481-bc3b-4e77cc0e878c','2025-10-08T10:00:00+00:00','2025-10-08T18:00:00+00:00',10,'completed','2025-10-08T08:00:00+00:00') ON CONFLICT (id) DO NOTHING;
INSERT INTO shipments (id, name, warehouse_id, scheduled_at, shipped_at, quantity, status, created_at) VALUES ('SHIP_20251009','Ship 2025-10-09','5aa97893-9fce-4481-bc3b-4e77cc0e878c','2025-10-09T10:00:00+00:00','2025-10-09T18:00:00+00:00',10,'completed','2025-10-09T08:00:00+00:00') ON CONFLICT (id) DO NOTHING;
INSERT INTO shipments (id, name, warehouse_id, scheduled_at, shipped_at, quantity, status, created_at) VALUES ('SHIP_20251010','Ship 2025-10-10','5aa97893-9fce-4481-bc3b-4e77cc0e878c','2025-10-10T10:00:00+00:00','2025-10-10T18:00:00+00:00',10,'completed','2025-10-10T08:00:00+00:00') ON CONFLICT (id) DO NOTHING;
INSERT INTO shipments (id, name, warehouse_id, scheduled_at, shipped_at, quantity, status, created_at) VALUES ('SHIP_20251011','Ship 2025-10-11','5aa97893-9fce-4481-bc3b-4e77cc0e878c','2025-10-11T10:00:00+00:00','2025-10-11T18:00:00+00:00',10,'completed','2025-10-11T08:00:00+00:00') ON CONFLICT (id) DO NOTHING;
INSERT INTO shipments (id, name, warehouse_id, scheduled_at, shipped_at, quantity, status, created_at) VALUES ('SHIP_20251012','Ship 2025-10-12','5aa97893-9fce-4481-bc3b-4e77cc0e878c','2025-10-12T10:00:00+00:00','2025-10-12T18:00:00+00:00',10,'completed','2025-10-12T08:00:00+00:00') ON CONFLICT (id) DO NOTHING;
INSERT INTO shipments (id, name, warehouse_id, scheduled_at, shipped_at, quantity, status, created_at) VALUES ('SHIP_20251013','Ship 2025-10-13','5aa97893-9fce-4481-bc3b-4e77cc0e878c','2025-10-13T10:00:00+00:00','2025-10-13T18:00:00+00:00',10,'completed','2025-10-13T08:00:00+00:00') ON CONFLICT (id) DO NOTHING;
INSERT INTO shipments (id, name, warehouse_id, scheduled_at, shipped_at, quantity, status, created_at) VALUES ('SHIP_20251014','Ship 2025-10-14','5aa97893-9fce-4481-bc3b-4e77cc0e878c','2025-10-14T10:00:00+00:00','2025-10-14T18:00:00+00:00',10,'completed','2025-10-14T08:00:00+00:00') ON CONFLICT (id) DO NOTHING;
INSERT INTO shipments (id, name, warehouse_id, scheduled_at, shipped_at, quantity, status, created_at) VALUES ('SHIP_20251015','Ship 2025-10-15','5aa97893-9fce-4481-bc3b-4e77cc0e878c','2025-10-15T10:00:00+00:00','2025-10-15T18:00:00+00:00',10,'completed','2025-10-15T08:00:00+00:00') ON CONFLICT (id) DO NOTHING;
INSERT INTO shipments (id, name, warehouse_id, scheduled_at, shipped_at, quantity, status, created_at) VALUES ('SHIP_20251016','Ship 2025-10-16','5aa97893-9fce-4481-bc3b-4e77cc0e878c','2025-10-16T10:00:00+00:00','2025-10-16T18:00:00+00:00',10,'completed','2025-10-16T08:00:00+00:00') ON CONFLICT (id) DO NOTHING;
INSERT INTO shipments (id, name, warehouse_id, scheduled_at, shipped_at, quantity, status, created_at) VALUES ('SHIP_20251017','Ship 2025-10-17','5aa97893-9fce-4481-bc3b-4e77cc0e878c','2025-10-17T10:00:00+00:00','2025-10-17T18:00:00+00:00',10,'completed','2025-10-17T08:00:00+00:00') ON CONFLICT (id) DO NOTHING;
INSERT INTO shipments (id, name, warehouse_id, scheduled_at, shipped_at, quantity, status, created_at) VALUES ('SHIP_20251018','Ship 2025-10-18','5aa97893-9fce-4481-bc3b-4e77cc0e878c','2025-10-18T10:00:00+00:00','2025-10-18T18:00:00+00:00',10,'completed','2025-10-18T08:00:00+00:00') ON CONFLICT (id) DO NOTHING;
INSERT INTO shipments (id, name, warehouse_id, scheduled_at, shipped_at, quantity, status, created_at) VALUES ('SHIP_20251019','Ship 2025-10-19','5aa97893-9fce-4481-bc3b-4e77cc0e878c','2025-10-19T10:00:00+00:00','2025-10-19T18:00:00+00:00',10,'completed','2025-10-19T08:00:00+00:00') ON CONFLICT (id) DO NOTHING;
INSERT INTO shipments (id, name, warehouse_id, scheduled_at, shipped_at, quantity, status, created_at) VALUES ('SHIP_20251020','Ship 2025-10-20','5aa97893-9fce-4481-bc3b-4e77cc0e878c','2025-10-20T10:00:00+00:00','2025-10-20T18:00:00+00:00',10,'completed','2025-10-20T08:00:00+00:00') ON CONFLICT (id) DO NOTHING;
INSERT INTO shipments (id, name, warehouse_id, scheduled_at, shipped_at, quantity, status, created_at) VALUES ('SHIP_20251021','Ship 2025-10-21','5aa97893-9fce-4481-bc3b-4e77cc0e878c','2025-10-21T10:00:00+00:00','2025-10-21T18:00:00+00:00',10,'completed','2025-10-21T08:00:00+00:00') ON CONFLICT (id) DO NOTHING;
INSERT INTO shipments (id, name, warehouse_id, scheduled_at, shipped_at, quantity, status, created_at) VALUES ('SHIP_20251022','Ship 2025-10-22','5aa97893-9fce-4481-bc3b-4e77cc0e878c','2025-10-22T10:00:00+00:00','2025-10-22T18:00:00+00:00',10,'completed','2025-10-22T08:00:00+00:00') ON CONFLICT (id) DO NOTHING;
INSERT INTO shipments (id, name, warehouse_id, scheduled_at, shipped_at, quantity, status, created_at) VALUES ('SHIP_20251023','Ship 2025-10-23','5aa97893-9fce-4481-bc3b-4e77cc0e878c','2025-10-23T10:00:00+00:00','2025-10-23T18:00:00+00:00',10,'completed','2025-10-23T08:00:00+00:00') ON CONFLICT (id) DO NOTHING;
INSERT INTO shipments (id, name, warehouse_id, scheduled_at, shipped_at, quantity, status, created_at) VALUES ('SHIP_20251024','Ship 2025-10-24','5aa97893-9fce-4481-bc3b-4e77cc0e878c','2025-10-24T10:00:00+00:00','2025-10-24T18:00:00+00:00',10,'completed','2025-10-24T08:00:00+00:00') ON CONFLICT (id) DO NOTHING;
INSERT INTO shipments (id, name, warehouse_id, scheduled_at, shipped_at, quantity, status, created_at) VALUES ('SHIP_20251025','Ship 2025-10-25','5aa97893-9fce-4481-bc3b-4e77cc0e878c','2025-10-25T10:00:00+00:00','2025-10-25T18:00:00+00:00',10,'completed','2025-10-25T08:00:00+00:00') ON CONFLICT (id) DO NOTHING;
INSERT INTO shipments (id, name, warehouse_id, scheduled_at, shipped_at, quantity, status, created_at) VALUES ('SHIP_20251026','Ship 2025-10-26','5aa97893-9fce-4481-bc3b-4e77cc0e878c','2025-10-26T10:00:00+00:00','2025-10-26T18:00:00+00:00',10,'completed','2025-10-26T08:00:00+00:00') ON CONFLICT (id) DO NOTHING;
INSERT INTO shipments (id, name, warehouse_id, scheduled_at, shipped_at, quantity, status, created_at) VALUES ('SHIP_20251027','Ship 2025-10-27','5aa97893-9fce-4481-bc3b-4e77cc0e878c','2025-10-27T10:00:00+00:00','2025-10-27T18:00:00+00:00',10,'completed','2025-10-27T08:00:00+00:00') ON CONFLICT (id) DO NOTHING;
INSERT INTO shipments (id, name, warehouse_id, scheduled_at, shipped_at, quantity, status, created_at) VALUES ('SHIP_20251028','Ship 2025-10-28','5aa97893-9fce-4481-bc3b-4e77cc0e878c','2025-10-28T10:00:00+00:00','2025-10-28T18:00:00+00:00',10,'completed','2025-10-28T08:00:00+00:00') ON CONFLICT (id) DO NOTHING;
INSERT INTO shipments (id, name, warehouse_id, scheduled_at, shipped_at, quantity, status, created_at) VALUES ('SHIP_20251029','Ship 2025-10-29','5aa97893-9fce-4481-bc3b-4e77cc0e878c','2025-10-29T10:00:00+00:00','2025-10-29T18:00:00+00:00',10,'completed','2025-10-29T08:00:00+00:00') ON CONFLICT (id) DO NOTHING;
INSERT INTO shipments (id, name, warehouse_id, scheduled_at, shipped_at, quantity, status, created_at) VALUES ('SHIP_20251030','Ship 2025-10-30','5aa97893-9fce-4481-bc3b-4e77cc0e878c','2025-10-30T10:00:00+00:00','2025-10-30T18:00:00+00:00',10,'completed','2025-10-30T08:00:00+00:00') ON CONFLICT (id) DO NOTHING;
INSERT INTO shipment_items (id, shipment_id, product_id, warehouse_id, ordered_quantity, fact_quantity, created_at) VALUES ('SHIP_20251001_I','SHIP_20251001','PROD_DEMO','5aa97893-9fce-4481-bc3b-4e77cc0e878c',10,7,'2025-10-01T18:00:00+00:00') ON CONFLICT (id) DO NOTHING;
INSERT INTO shipment_items (id, shipment_id, product_id, warehouse_id, ordered_quantity, fact_quantity, created_at) VALUES ('SHIP_20251002_I','SHIP_20251002','PROD_DEMO','5aa97893-9fce-4481-bc3b-4e77cc0e878c',10,8,'2025-10-02T18:00:00+00:00') ON CONFLICT (id) DO NOTHING;
INSERT INTO shipment_items (id, shipment_id, product_id, warehouse_id, ordered_quantity, fact_quantity, created_at) VALUES ('SHIP_20251003_I','SHIP_20251003','PROD_DEMO','5aa97893-9fce-4481-bc3b-4e77cc0e878c',10,9,'2025-10-03T18:00:00+00:00') ON CONFLICT (id) DO NOTHING;
INSERT INTO shipment_items (id, shipment_id, product_id, warehouse_id, ordered_quantity, fact_quantity, created_at) VALUES ('SHIP_20251004_I','SHIP_20251004','PROD_DEMO','5aa97893-9fce-4481-bc3b-4e77cc0e878c',10,10,'2025-10-04T18:00:00+00:00') ON CONFLICT (id) DO NOTHING;
INSERT INTO shipment_items (id, shipment_id, product_id, warehouse_id, ordered_quantity, fact_quantity, created_at) VALUES ('SHIP_20251005_I','SHIP_20251005','PROD_DEMO','5aa97893-9fce-4481-bc3b-4e77cc0e878c',10,11,'2025-10-05T18:00:00+00:00') ON CONFLICT (id) DO NOTHING;
INSERT INTO shipment_items (id, shipment_id, product_id, warehouse_id, ordered_quantity, fact_quantity, created_at) VALUES ('SHIP_20251006_I','SHIP_20251006','PROD_DEMO','5aa97893-9fce-4481-bc3b-4e77cc0e878c',10,7,'2025-10-06T18:00:00+00:00') ON CONFLICT (id) DO NOTHING;
INSERT INTO shipment_items (id, shipment_id, product_id, warehouse_id, ordered_quantity, fact_quantity, created_at) VALUES ('SHIP_20251007_I','SHIP_20251007','PROD_DEMO','5aa97893-9fce-4481-bc3b-4e77cc0e878c',10,8,'2025-10-07T18:00:00+00:00') ON CONFLICT (id) DO NOTHING;
INSERT INTO shipment_items (id, shipment_id, product_id, warehouse_id, ordered_quantity, fact_quantity, created_at) VALUES ('SHIP_20251008_I','SHIP_20251008','PROD_DEMO','5aa97893-9fce-4481-bc3b-4e77cc0e878c',10,9,'2025-10-08T18:00:00+00:00') ON CONFLICT (id) DO NOTHING;
INSERT INTO shipment_items (id, shipment_id, product_id, warehouse_id, ordered_quantity, fact_quantity, created_at) VALUES ('SHIP_20251009_I','SHIP_20251009','PROD_DEMO','5aa97893-9fce-4481-bc3b-4e77cc0e878c',10,10,'2025-10-09T18:00:00+00:00') ON CONFLICT (id) DO NOTHING;
INSERT INTO shipment_items (id, shipment_id, product_id, warehouse_id, ordered_quantity, fact_quantity, created_at) VALUES ('SHIP_20251010_I','SHIP_20251010','PROD_DEMO','5aa97893-9fce-4481-bc3b-4e77cc0e878c',10,11,'2025-10-10T18:00:00+00:00') ON CONFLICT (id) DO NOTHING;
INSERT INTO shipment_items (id, shipment_id, product_id, warehouse_id, ordered_quantity, fact_quantity, created_at) VALUES ('SHIP_20251011_I','SHIP_20251011','PROD_DEMO','5aa97893-9fce-4481-bc3b-4e77cc0e878c',10,7,'2025-10-11T18:00:00+00:00') ON CONFLICT (id) DO NOTHING;
INSERT INTO shipment_items (id, shipment_id, product_id, warehouse_id, ordered_quantity, fact_quantity, created_at) VALUES ('SHIP_20251012_I','SHIP_20251012','PROD_DEMO','5aa97893-9fce-4481-bc3b-4e77cc0e878c',10,8,'2025-10-12T18:00:00+00:00') ON CONFLICT (id) DO NOTHING;
INSERT INTO shipment_items (id, shipment_id, product_id, warehouse_id, ordered_quantity, fact_quantity, created_at) VALUES ('SHIP_20251013_I','SHIP_20251013','PROD_DEMO','5aa97893-9fce-4481-bc3b-4e77cc0e878c',10,9,'2025-10-13T18:00:00+00:00') ON CONFLICT (id) DO NOTHING;
INSERT INTO shipment_items (id, shipment_id, product_id, warehouse_id, ordered_quantity, fact_quantity, created_at) VALUES ('SHIP_20251014_I','SHIP_20251014','PROD_DEMO','5aa97893-9fce-4481-bc3b-4e77cc0e878c',10,10,'2025-10-14T18:00:00+00:00') ON CONFLICT (id) DO NOTHING;
INSERT INTO shipment_items (id, shipment_id, product_id, warehouse_id, ordered_quantity, fact_quantity, created_at) VALUES ('SHIP_20251015_I','SHIP_20251015','PROD_DEMO','5aa97893-9fce-4481-bc3b-4e77cc0e878c',10,11,'2025-10-15T18:00:00+00:00') ON CONFLICT (id) DO NOTHING;
INSERT INTO shipment_items (id, shipment_id, product_id, warehouse_id, ordered_quantity, fact_quantity, created_at) VALUES ('SHIP_20251016_I','SHIP_20251016','PROD_DEMO','5aa97893-9fce-4481-bc3b-4e77cc0e878c',10,7,'2025-10-16T18:00:00+00:00') ON CONFLICT (id) DO NOTHING;
INSERT INTO shipment_items (id, shipment_id, product_id, warehouse_id, ordered_quantity, fact_quantity, created_at) VALUES ('SHIP_20251017_I','SHIP_20251017','PROD_DEMO','5aa97893-9fce-4481-bc3b-4e77cc0e878c',10,8,'2025-10-17T18:00:00+00:00') ON CONFLICT (id) DO NOTHING;
INSERT INTO shipment_items (id, shipment_id, product_id, warehouse_id, ordered_quantity, fact_quantity, created_at) VALUES ('SHIP_20251018_I','SHIP_20251018','PROD_DEMO','5aa97893-9fce-4481-bc3b-4e77cc0e878c',10,9,'2025-10-18T18:00:00+00:00') ON CONFLICT (id) DO NOTHING;
INSERT INTO shipment_items (id, shipment_id, product_id, warehouse_id, ordered_quantity, fact_quantity, created_at) VALUES ('SHIP_20251019_I','SHIP_20251019','PROD_DEMO','5aa97893-9fce-4481-bc3b-4e77cc0e878c',10,10,'2025-10-19T18:00:00+00:00') ON CONFLICT (id) DO NOTHING;
INSERT INTO shipment_items (id, shipment_id, product_id, warehouse_id, ordered_quantity, fact_quantity, created_at) VALUES ('SHIP_20251020_I','SHIP_20251020','PROD_DEMO','5aa97893-9fce-4481-bc3b-4e77cc0e878c',10,11,'2025-10-20T18:00:00+00:00') ON CONFLICT (id) DO NOTHING;
INSERT INTO shipment_items (id, shipment_id, product_id, warehouse_id, ordered_quantity, fact_quantity, created_at) VALUES ('SHIP_20251021_I','SHIP_20251021','PROD_DEMO','5aa97893-9fce-4481-bc3b-4e77cc0e878c',10,7,'2025-10-21T18:00:00+00:00') ON CONFLICT (id) DO NOTHING;
INSERT INTO shipment_items (id, shipment_id, product_id, warehouse_id, ordered_quantity, fact_quantity, created_at) VALUES ('SHIP_20251022_I','SHIP_20251022','PROD_DEMO','5aa97893-9fce-4481-bc3b-4e77cc0e878c',10,8,'2025-10-22T18:00:00+00:00') ON CONFLICT (id) DO NOTHING;
INSERT INTO shipment_items (id, shipment_id, product_id, warehouse_id, ordered_quantity, fact_quantity, created_at) VALUES ('SHIP_20251023_I','SHIP_20251023','PROD_DEMO','5aa97893-9fce-4481-bc3b-4e77cc0e878c',10,9,'2025-10-23T18:00:00+00:00') ON CONFLICT (id) DO NOTHING;
INSERT INTO shipment_items (id, shipment_id, product_id, warehouse_id, ordered_quantity, fact_quantity, created_at) VALUES ('SHIP_20251024_I','SHIP_20251024','PROD_DEMO','5aa97893-9fce-4481-bc3b-4e77cc0e878c',10,10,'2025-10-24T18:00:00+00:00') ON CONFLICT (id) DO NOTHING;
INSERT INTO shipment_items (id, shipment_id, product_id, warehouse_id, ordered_quantity, fact_quantity, created_at) VALUES ('SHIP_20251025_I','SHIP_20251025','PROD_DEMO','5aa97893-9fce-4481-bc3b-4e77cc0e878c',10,11,'2025-10-25T18:00:00+00:00') ON CONFLICT (id) DO NOTHING;
INSERT INTO shipment_items (id, shipment_id, product_id, warehouse_id, ordered_quantity, fact_quantity, created_at) VALUES ('SHIP_20251026_I','SHIP_20251026','PROD_DEMO','5aa97893-9fce-4481-bc3b-4e77cc0e878c',10,7,'2025-10-26T18:00:00+00:00') ON CONFLICT (id) DO NOTHING;
INSERT INTO shipment_items (id, shipment_id, product_id, warehouse_id, ordered_quantity, fact_quantity, created_at) VALUES ('SHIP_20251027_I','SHIP_20251027','PROD_DEMO','5aa97893-9fce-4481-bc3b-4e77cc0e878c',10,8,'2025-10-27T18:00:00+00:00') ON CONFLICT (id) DO NOTHING;
INSERT INTO shipment_items (id, shipment_id, product_id, warehouse_id, ordered_quantity, fact_quantity, created_at) VALUES ('SHIP_20251028_I','SHIP_20251028','PROD_DEMO','5aa97893-9fce-4481-bc3b-4e77cc0e878c',10,9,'2025-10-28T18:00:00+00:00') ON CONFLICT (id) DO NOTHING;
INSERT INTO shipment_items (id, shipment_id, product_id, warehouse_id, ordered_quantity, fact_quantity, created_at) VALUES ('SHIP_20251029_I','SHIP_20251029','PROD_DEMO','5aa97893-9fce-4481-bc3b-4e77cc0e878c',10,10,'2025-10-29T18:00:00+00:00') ON CONFLICT (id) DO NOTHING;
INSERT INTO shipment_items (id, shipment_id, product_id, warehouse_id, ordered_quantity, fact_quantity, created_at) VALUES ('SHIP_20251030_I','SHIP_20251030','PROD_DEMO','5aa97893-9fce-4481-bc3b-4e77cc0e878c',10,11,'2025-10-30T18:00:00+00:00') ON CONFLICT (id) DO NOTHING;
INSERT INTO inventory_history (id, product_id, robot_id, warehouse_id,current_zone,current_row,current_shelf,name, category,min_stock, optimal_stock, created_at, stock, status, article) VALUES ('SNAP_DEMO','PROD_DEMO','K7PY','5aa97893-9fce-4481-bc3b-4e77cc0e878c','A',1,'A','Товарчик ии','Товары', 20,80,'2025-10-31T08:00:00+00:00',100,'ok','1234567891') ON CONFLICT (id) DO NOTHING;
INSERT INTO scheduled_deliveries (id, product_id, warehouse_id, scheduled_at, quantity, status, created_at) VALUES ('PLAN_DEMO_01','PROD_DEMO','5aa97893-9fce-4481-bc3b-4e77cc0e878c','2025-11-03T10:00:00+00:00',30,'scheduled','2025-10-31T18:25:49.918706+00:00') ON CONFLICT (id) DO NOTHING;
INSERT INTO scheduled_deliveries (id, product_id, warehouse_id, scheduled_at, quantity, status, created_at) VALUES ('PLAN_DEMO_02','PROD_DEMO','5aa97893-9fce-4481-bc3b-4e77cc0e878c','2025-11-10T10:00:00+00:00',40,'scheduled','2025-10-31T18:25:49.918720+00:00') ON CONFLICT (id) DO NOTHING;
COMMIT;